,cluster_id,date,forecast
0,ID_3,<class 'datetime.date'>,<class 'int'>
1,ID_5,<class 'datetime.date'>,<class 'int'>
2,ID_8,<class 'datetime.date'>,<class 'int'>
3,ID_9,<class 'datetime.date'>,<class 'int'>
4,ID_11,<class 'datetime.date'>,<class 'int'>
5,ID_12,<class 'datetime.date'>,<class 'int'>
6,ID_16,<class 'datetime.date'>,<class 'int'>
7,ID_17,<class 'datetime.date'>,<class 'int'>
8,ID_18,<class 'datetime.date'>,<class 'int'>
9,ID_19,<class 'datetime.date'>,<class 'int'>
10,ID_21,<class 'datetime.date'>,<class 'int'>
11,ID_22,<class 'datetime.date'>,<class 'int'>
12,ID_23,<class 'datetime.date'>,<class 'int'>
13,ID_24,<class 'datetime.date'>,<class 'int'>
14,ID_25,<class 'datetime.date'>,<class 'int'>
15,ID_27,<class 'datetime.date'>,<class 'int'>
16,ID_31,<class 'datetime.date'>,<class 'int'>
17,ID_32,<class 'datetime.date'>,<class 'int'>
18,ID_33,<class 'datetime.date'>,<class 'int'>
19,ID_35,<class 'datetime.date'>,<class 'int'>
20,ID_36,<class 'datetime.date'>,<class 'int'>
21,ID_38,<class 'datetime.date'>,<class 'int'>
22,ID_39,<class 'datetime.date'>,<class 'int'>
23,ID_41,<class 'datetime.date'>,<class 'int'>
24,ID_43,<class 'datetime.date'>,<class 'int'>
25,ID_44,<class 'datetime.date'>,<class 'int'>
26,ID_45,<class 'datetime.date'>,<class 'int'>
27,ID_60,<class 'datetime.date'>,<class 'int'>
28,ID_61,<class 'datetime.date'>,<class 'int'>
29,ID_62,<class 'datetime.date'>,<class 'int'>
30,ID_63,<class 'datetime.date'>,<class 'int'>
31,ID_64,<class 'datetime.date'>,<class 'int'>
32,ID_65,<class 'datetime.date'>,<class 'int'>
33,ID_83,<class 'datetime.date'>,<class 'int'>
34,ID_84,<class 'datetime.date'>,<class 'int'>
35,ID_86,<class 'datetime.date'>,<class 'int'>
36,ID_87,<class 'datetime.date'>,<class 'int'>
37,ID_90,<class 'datetime.date'>,<class 'int'>
38,ID_91,<class 'datetime.date'>,<class 'int'>
39,ID_93,<class 'datetime.date'>,<class 'int'>
40,ID_96,<class 'datetime.date'>,<class 'int'>
41,ID_99,<class 'datetime.date'>,<class 'int'>
42,ID_100,<class 'datetime.date'>,<class 'int'>
43,ID_102,<class 'datetime.date'>,<class 'int'>
44,ID_105,<class 'datetime.date'>,<class 'int'>
45,ID_106,<class 'datetime.date'>,<class 'int'>
46,ID_107,<class 'datetime.date'>,<class 'int'>
47,ID_108,<class 'datetime.date'>,<class 'int'>
48,ID_109,<class 'datetime.date'>,<class 'int'>
49,ID_110,<class 'datetime.date'>,<class 'int'>
50,ID_112,<class 'datetime.date'>,<class 'int'>
51,ID_113,<class 'datetime.date'>,<class 'int'>
52,ID_114,<class 'datetime.date'>,<class 'int'>
53,ID_115,<class 'datetime.date'>,<class 'int'>
54,ID_116,<class 'datetime.date'>,<class 'int'>
55,ID_118,<class 'datetime.date'>,<class 'int'>
56,ID_119,<class 'datetime.date'>,<class 'int'>
57,ID_120,<class 'datetime.date'>,<class 'int'>
58,ID_121,<class 'datetime.date'>,<class 'int'>
59,ID_124,<class 'datetime.date'>,<class 'int'>
60,ID_126,<class 'datetime.date'>,<class 'int'>
61,ID_128,<class 'datetime.date'>,<class 'int'>
62,ID_129,<class 'datetime.date'>,<class 'int'>
63,ID_130,<class 'datetime.date'>,<class 'int'>
64,ID_142,<class 'datetime.date'>,<class 'int'>
65,ID_144,<class 'datetime.date'>,<class 'int'>
66,ID_162,<class 'datetime.date'>,<class 'int'>
67,ID_163,<class 'datetime.date'>,<class 'int'>
68,ID_166,<class 'datetime.date'>,<class 'int'>
69,ID_167,<class 'datetime.date'>,<class 'int'>
70,ID_168,<class 'datetime.date'>,<class 'int'>
71,ID_170,<class 'datetime.date'>,<class 'int'>
72,ID_173,<class 'datetime.date'>,<class 'int'>
73,ID_174,<class 'datetime.date'>,<class 'int'>
74,ID_175,<class 'datetime.date'>,<class 'int'>
75,ID_176,<class 'datetime.date'>,<class 'int'>
76,ID_180,<class 'datetime.date'>,<class 'int'>
77,ID_181,<class 'datetime.date'>,<class 'int'>
78,ID_182,<class 'datetime.date'>,<class 'int'>
79,ID_183,<class 'datetime.date'>,<class 'int'>
80,ID_184,<class 'datetime.date'>,<class 'int'>
81,ID_186,<class 'datetime.date'>,<class 'int'>
82,ID_187,<class 'datetime.date'>,<class 'int'>
83,ID_188,<class 'datetime.date'>,<class 'int'>
84,ID_189,<class 'datetime.date'>,<class 'int'>
85,ID_190,<class 'datetime.date'>,<class 'int'>
86,ID_191,<class 'datetime.date'>,<class 'int'>
87,ID_192,<class 'datetime.date'>,<class 'int'>
88,ID_193,<class 'datetime.date'>,<class 'int'>
89,ID_194,<class 'datetime.date'>,<class 'int'>
90,ID_195,<class 'datetime.date'>,<class 'int'>
91,ID_196,<class 'datetime.date'>,<class 'int'>
92,ID_199,<class 'datetime.date'>,<class 'int'>
93,ID_200,<class 'datetime.date'>,<class 'int'>
94,ID_202,<class 'datetime.date'>,<class 'int'>
95,ID_204,<class 'datetime.date'>,<class 'int'>
96,ID_206,<class 'datetime.date'>,<class 'int'>
97,ID_207,<class 'datetime.date'>,<class 'int'>
98,ID_208,<class 'datetime.date'>,<class 'int'>
99,ID_213,<class 'datetime.date'>,<class 'int'>
100,ID_214,<class 'datetime.date'>,<class 'int'>
101,ID_215,<class 'datetime.date'>,<class 'int'>
102,ID_216,<class 'datetime.date'>,<class 'int'>
103,ID_217,<class 'datetime.date'>,<class 'int'>
104,ID_218,<class 'datetime.date'>,<class 'int'>
105,ID_219,<class 'datetime.date'>,<class 'int'>
106,ID_220,<class 'datetime.date'>,<class 'int'>
107,ID_222,<class 'datetime.date'>,<class 'int'>
108,ID_223,<class 'datetime.date'>,<class 'int'>
109,ID_225,<class 'datetime.date'>,<class 'int'>
110,ID_227,<class 'datetime.date'>,<class 'int'>
111,ID_228,<class 'datetime.date'>,<class 'int'>
112,ID_229,<class 'datetime.date'>,<class 'int'>
113,ID_251,<class 'datetime.date'>,<class 'int'>
114,ID_253,<class 'datetime.date'>,<class 'int'>
115,ID_254,<class 'datetime.date'>,<class 'int'>
116,ID_255,<class 'datetime.date'>,<class 'int'>
117,ID_256,<class 'datetime.date'>,<class 'int'>
118,ID_257,<class 'datetime.date'>,<class 'int'>
119,ID_259,<class 'datetime.date'>,<class 'int'>
120,ID_260,<class 'datetime.date'>,<class 'int'>
121,ID_262,<class 'datetime.date'>,<class 'int'>
122,ID_263,<class 'datetime.date'>,<class 'int'>
123,ID_265,<class 'datetime.date'>,<class 'int'>
124,ID_268,<class 'datetime.date'>,<class 'int'>
125,ID_269,<class 'datetime.date'>,<class 'int'>
126,ID_270,<class 'datetime.date'>,<class 'int'>
127,ID_272,<class 'datetime.date'>,<class 'int'>
128,ID_273,<class 'datetime.date'>,<class 'int'>
129,ID_274,<class 'datetime.date'>,<class 'int'>
130,ID_275,<class 'datetime.date'>,<class 'int'>
131,ID_276,<class 'datetime.date'>,<class 'int'>
132,ID_277,<class 'datetime.date'>,<class 'int'>
133,ID_278,<class 'datetime.date'>,<class 'int'>
134,ID_279,<class 'datetime.date'>,<class 'int'>
135,ID_280,<class 'datetime.date'>,<class 'int'>
136,ID_282,<class 'datetime.date'>,<class 'int'>
137,ID_284,<class 'datetime.date'>,<class 'int'>
138,ID_287,<class 'datetime.date'>,<class 'int'>
139,ID_290,<class 'datetime.date'>,<class 'int'>
140,ID_291,<class 'datetime.date'>,<class 'int'>
141,ID_292,<class 'datetime.date'>,<class 'int'>
142,ID_294,<class 'datetime.date'>,<class 'int'>
143,ID_296,<class 'datetime.date'>,<class 'int'>
144,ID_297,<class 'datetime.date'>,<class 'int'>
145,ID_298,<class 'datetime.date'>,<class 'int'>
146,ID_299,<class 'datetime.date'>,<class 'int'>
147,ID_302,<class 'datetime.date'>,<class 'int'>
148,ID_305,<class 'datetime.date'>,<class 'int'>
149,ID_306,<class 'datetime.date'>,<class 'int'>
150,ID_307,<class 'datetime.date'>,<class 'int'>
151,ID_308,<class 'datetime.date'>,<class 'int'>
152,ID_311,<class 'datetime.date'>,<class 'int'>
153,ID_312,<class 'datetime.date'>,<class 'int'>
154,ID_313,<class 'datetime.date'>,<class 'int'>
155,ID_314,<class 'datetime.date'>,<class 'int'>
156,ID_315,<class 'datetime.date'>,<class 'int'>
157,ID_316,<class 'datetime.date'>,<class 'int'>
158,ID_317,<class 'datetime.date'>,<class 'int'>
159,ID_318,<class 'datetime.date'>,<class 'int'>
160,ID_319,<class 'datetime.date'>,<class 'int'>
161,ID_320,<class 'datetime.date'>,<class 'int'>
162,ID_321,<class 'datetime.date'>,<class 'int'>
163,ID_322,<class 'datetime.date'>,<class 'int'>
164,ID_324,<class 'datetime.date'>,<class 'int'>
165,ID_325,<class 'datetime.date'>,<class 'int'>
166,ID_326,<class 'datetime.date'>,<class 'int'>
167,ID_327,<class 'datetime.date'>,<class 'int'>
168,ID_329,<class 'datetime.date'>,<class 'int'>
169,ID_330,<class 'datetime.date'>,<class 'int'>
170,ID_332,<class 'datetime.date'>,<class 'int'>
171,ID_334,<class 'datetime.date'>,<class 'int'>
172,ID_335,<class 'datetime.date'>,<class 'int'>
173,ID_336,<class 'datetime.date'>,<class 'int'>
174,ID_355,<class 'datetime.date'>,<class 'int'>
175,ID_378,<class 'datetime.date'>,<class 'int'>
176,ID_379,<class 'datetime.date'>,<class 'int'>
177,ID_380,<class 'datetime.date'>,<class 'int'>
178,ID_384,<class 'datetime.date'>,<class 'int'>
179,ID_385,<class 'datetime.date'>,<class 'int'>
180,ID_387,<class 'datetime.date'>,<class 'int'>
181,ID_388,<class 'datetime.date'>,<class 'int'>
182,ID_389,<class 'datetime.date'>,<class 'int'>
183,ID_390,<class 'datetime.date'>,<class 'int'>
184,ID_392,<class 'datetime.date'>,<class 'int'>
185,ID_393,<class 'datetime.date'>,<class 'int'>
186,ID_394,<class 'datetime.date'>,<class 'int'>
187,ID_395,<class 'datetime.date'>,<class 'int'>
188,ID_396,<class 'datetime.date'>,<class 'int'>
189,ID_397,<class 'datetime.date'>,<class 'int'>
190,ID_399,<class 'datetime.date'>,<class 'int'>
191,ID_400,<class 'datetime.date'>,<class 'int'>
192,ID_401,<class 'datetime.date'>,<class 'int'>
193,ID_402,<class 'datetime.date'>,<class 'int'>
194,ID_403,<class 'datetime.date'>,<class 'int'>
195,ID_405,<class 'datetime.date'>,<class 'int'>
196,ID_406,<class 'datetime.date'>,<class 'int'>
197,ID_407,<class 'datetime.date'>,<class 'int'>
198,ID_408,<class 'datetime.date'>,<class 'int'>
199,ID_414,<class 'datetime.date'>,<class 'int'>
200,ID_415,<class 'datetime.date'>,<class 'int'>
201,ID_416,<class 'datetime.date'>,<class 'int'>
202,ID_431,<class 'datetime.date'>,<class 'int'>
203,ID_432,<class 'datetime.date'>,<class 'int'>
204,ID_433,<class 'datetime.date'>,<class 'int'>
205,ID_434,<class 'datetime.date'>,<class 'int'>
206,ID_435,<class 'datetime.date'>,<class 'int'>
207,ID_454,<class 'datetime.date'>,<class 'int'>
208,ID_457,<class 'datetime.date'>,<class 'int'>
209,ID_458,<class 'datetime.date'>,<class 'int'>
210,ID_459,<class 'datetime.date'>,<class 'int'>
211,ID_462,<class 'datetime.date'>,<class 'int'>
212,ID_463,<class 'datetime.date'>,<class 'int'>
213,ID_465,<class 'datetime.date'>,<class 'int'>
214,ID_466,<class 'datetime.date'>,<class 'int'>
215,ID_469,<class 'datetime.date'>,<class 'int'>
216,ID_472,<class 'datetime.date'>,<class 'int'>
217,ID_473,<class 'datetime.date'>,<class 'int'>
218,ID_475,<class 'datetime.date'>,<class 'int'>
219,ID_476,<class 'datetime.date'>,<class 'int'>
220,ID_477,<class 'datetime.date'>,<class 'int'>
221,ID_478,<class 'datetime.date'>,<class 'int'>
222,ID_481,<class 'datetime.date'>,<class 'int'>
223,ID_482,<class 'datetime.date'>,<class 'int'>
224,ID_483,<class 'datetime.date'>,<class 'int'>
225,ID_484,<class 'datetime.date'>,<class 'int'>
226,ID_485,<class 'datetime.date'>,<class 'int'>
227,ID_487,<class 'datetime.date'>,<class 'int'>
228,ID_488,<class 'datetime.date'>,<class 'int'>
229,ID_489,<class 'datetime.date'>,<class 'int'>
230,ID_490,<class 'datetime.date'>,<class 'int'>
231,ID_492,<class 'datetime.date'>,<class 'int'>
232,ID_495,<class 'datetime.date'>,<class 'int'>
233,ID_496,<class 'datetime.date'>,<class 'int'>
234,ID_497,<class 'datetime.date'>,<class 'int'>
235,ID_520,<class 'datetime.date'>,<class 'int'>
236,ID_521,<class 'datetime.date'>,<class 'int'>
237,ID_546,<class 'datetime.date'>,<class 'int'>
238,ID_548,<class 'datetime.date'>,<class 'int'>
239,ID_549,<class 'datetime.date'>,<class 'int'>
240,ID_550,<class 'datetime.date'>,<class 'int'>
241,ID_551,<class 'datetime.date'>,<class 'int'>
242,ID_552,<class 'datetime.date'>,<class 'int'>
243,ID_555,<class 'datetime.date'>,<class 'int'>
244,ID_558,<class 'datetime.date'>,<class 'int'>
245,ID_559,<class 'datetime.date'>,<class 'int'>
246,ID_560,<class 'datetime.date'>,<class 'int'>
247,ID_562,<class 'datetime.date'>,<class 'int'>
248,ID_563,<class 'datetime.date'>,<class 'int'>
249,ID_564,<class 'datetime.date'>,<class 'int'>
250,ID_565,<class 'datetime.date'>,<class 'int'>
251,ID_566,<class 'datetime.date'>,<class 'int'>
252,ID_567,<class 'datetime.date'>,<class 'int'>
253,ID_568,<class 'datetime.date'>,<class 'int'>
254,ID_569,<class 'datetime.date'>,<class 'int'>
255,ID_570,<class 'datetime.date'>,<class 'int'>
256,ID_571,<class 'datetime.date'>,<class 'int'>
257,ID_572,<class 'datetime.date'>,<class 'int'>
258,ID_573,<class 'datetime.date'>,<class 'int'>
259,ID_575,<class 'datetime.date'>,<class 'int'>
260,ID_576,<class 'datetime.date'>,<class 'int'>
261,ID_577,<class 'datetime.date'>,<class 'int'>
262,ID_578,<class 'datetime.date'>,<class 'int'>
263,ID_579,<class 'datetime.date'>,<class 'int'>
264,ID_584,<class 'datetime.date'>,<class 'int'>
265,ID_585,<class 'datetime.date'>,<class 'int'>
266,ID_586,<class 'datetime.date'>,<class 'int'>
267,ID_590,<class 'datetime.date'>,<class 'int'>
268,ID_592,<class 'datetime.date'>,<class 'int'>
269,ID_593,<class 'datetime.date'>,<class 'int'>
270,ID_594,<class 'datetime.date'>,<class 'int'>
271,ID_595,<class 'datetime.date'>,<class 'int'>
272,ID_598,<class 'datetime.date'>,<class 'int'>
273,ID_599,<class 'datetime.date'>,<class 'int'>
274,ID_601,<class 'datetime.date'>,<class 'int'>
275,ID_605,<class 'datetime.date'>,<class 'int'>
276,ID_606,<class 'datetime.date'>,<class 'int'>
277,ID_607,<class 'datetime.date'>,<class 'int'>
278,ID_608,<class 'datetime.date'>,<class 'int'>
279,ID_609,<class 'datetime.date'>,<class 'int'>
280,ID_610,<class 'datetime.date'>,<class 'int'>
281,ID_628,<class 'datetime.date'>,<class 'int'>
282,ID_629,<class 'datetime.date'>,<class 'int'>
283,ID_630,<class 'datetime.date'>,<class 'int'>
284,ID_631,<class 'datetime.date'>,<class 'int'>
285,ID_633,<class 'datetime.date'>,<class 'int'>
286,ID_634,<class 'datetime.date'>,<class 'int'>
287,ID_636,<class 'datetime.date'>,<class 'int'>
288,ID_637,<class 'datetime.date'>,<class 'int'>
289,ID_641,<class 'datetime.date'>,<class 'int'>
290,ID_642,<class 'datetime.date'>,<class 'int'>
291,ID_643,<class 'datetime.date'>,<class 'int'>
292,ID_644,<class 'datetime.date'>,<class 'int'>
293,ID_645,<class 'datetime.date'>,<class 'int'>
294,ID_646,<class 'datetime.date'>,<class 'int'>
295,ID_647,<class 'datetime.date'>,<class 'int'>
296,ID_649,<class 'datetime.date'>,<class 'int'>
297,ID_650,<class 'datetime.date'>,<class 'int'>
298,ID_651,<class 'datetime.date'>,<class 'int'>
299,ID_654,<class 'datetime.date'>,<class 'int'>
300,ID_655,<class 'datetime.date'>,<class 'int'>
301,ID_659,<class 'datetime.date'>,<class 'int'>
302,ID_660,<class 'datetime.date'>,<class 'int'>
303,ID_661,<class 'datetime.date'>,<class 'int'>
304,ID_675,<class 'datetime.date'>,<class 'int'>
305,ID_676,<class 'datetime.date'>,<class 'int'>
306,ID_677,<class 'datetime.date'>,<class 'int'>
307,ID_678,<class 'datetime.date'>,<class 'int'>
308,ID_679,<class 'datetime.date'>,<class 'int'>
309,ID_680,<class 'datetime.date'>,<class 'int'>
310,ID_698,<class 'datetime.date'>,<class 'int'>
311,ID_699,<class 'datetime.date'>,<class 'int'>
312,ID_700,<class 'datetime.date'>,<class 'int'>
313,ID_701,<class 'datetime.date'>,<class 'int'>
314,ID_702,<class 'datetime.date'>,<class 'int'>
315,ID_703,<class 'datetime.date'>,<class 'int'>
316,ID_704,<class 'datetime.date'>,<class 'int'>
317,ID_705,<class 'datetime.date'>,<class 'int'>
318,ID_706,<class 'datetime.date'>,<class 'int'>
319,ID_708,<class 'datetime.date'>,<class 'int'>
320,ID_709,<class 'datetime.date'>,<class 'int'>
321,ID_710,<class 'datetime.date'>,<class 'int'>
322,ID_711,<class 'datetime.date'>,<class 'int'>
323,ID_712,<class 'datetime.date'>,<class 'int'>
324,ID_713,<class 'datetime.date'>,<class 'int'>
325,ID_715,<class 'datetime.date'>,<class 'int'>
326,ID_716,<class 'datetime.date'>,<class 'int'>
327,ID_717,<class 'datetime.date'>,<class 'int'>
328,ID_718,<class 'datetime.date'>,<class 'int'>
329,ID_719,<class 'datetime.date'>,<class 'int'>
330,ID_722,<class 'datetime.date'>,<class 'int'>
331,ID_723,<class 'datetime.date'>,<class 'int'>
332,ID_724,<class 'datetime.date'>,<class 'int'>
333,ID_725,<class 'datetime.date'>,<class 'int'>
334,ID_726,<class 'datetime.date'>,<class 'int'>
335,ID_733,<class 'datetime.date'>,<class 'int'>
336,ID_749,<class 'datetime.date'>,<class 'int'>
337,ID_756,<class 'datetime.date'>,<class 'int'>
338,ID_757,<class 'datetime.date'>,<class 'int'>
339,ID_762,<class 'datetime.date'>,<class 'int'>
340,ID_763,<class 'datetime.date'>,<class 'int'>
341,ID_764,<class 'datetime.date'>,<class 'int'>
342,ID_765,<class 'datetime.date'>,<class 'int'>
343,ID_766,<class 'datetime.date'>,<class 'int'>
344,ID_767,<class 'datetime.date'>,<class 'int'>
345,ID_768,<class 'datetime.date'>,<class 'int'>
346,ID_771,<class 'datetime.date'>,<class 'int'>
347,ID_772,<class 'datetime.date'>,<class 'int'>
348,ID_773,<class 'datetime.date'>,<class 'int'>
349,ID_774,<class 'datetime.date'>,<class 'int'>
350,ID_776,<class 'datetime.date'>,<class 'int'>
351,ID_777,<class 'datetime.date'>,<class 'int'>
352,ID_778,<class 'datetime.date'>,<class 'int'>
353,ID_779,<class 'datetime.date'>,<class 'int'>
354,ID_780,<class 'datetime.date'>,<class 'int'>
355,ID_789,<class 'datetime.date'>,<class 'int'>
356,ID_790,<class 'datetime.date'>,<class 'int'>
357,ID_791,<class 'datetime.date'>,<class 'int'>
358,ID_792,<class 'datetime.date'>,<class 'int'>
359,ID_798,<class 'datetime.date'>,<class 'int'>
360,ID_802,<class 'datetime.date'>,<class 'int'>
361,ID_803,<class 'datetime.date'>,<class 'int'>
362,ID_804,<class 'datetime.date'>,<class 'int'>
363,ID_805,<class 'datetime.date'>,<class 'int'>
364,ID_808,<class 'datetime.date'>,<class 'int'>
365,ID_811,<class 'datetime.date'>,<class 'int'>
366,ID_812,<class 'datetime.date'>,<class 'int'>
367,ID_813,<class 'datetime.date'>,<class 'int'>
368,ID_814,<class 'datetime.date'>,<class 'int'>
369,ID_816,<class 'datetime.date'>,<class 'int'>
370,ID_817,<class 'datetime.date'>,<class 'int'>
371,ID_818,<class 'datetime.date'>,<class 'int'>
372,ID_819,<class 'datetime.date'>,<class 'int'>
373,ID_820,<class 'datetime.date'>,<class 'int'>
374,ID_821,<class 'datetime.date'>,<class 'int'>
375,ID_822,<class 'datetime.date'>,<class 'int'>
376,ID_823,<class 'datetime.date'>,<class 'int'>
377,ID_824,<class 'datetime.date'>,<class 'int'>
378,ID_825,<class 'datetime.date'>,<class 'int'>
379,ID_826,<class 'datetime.date'>,<class 'int'>
380,ID_827,<class 'datetime.date'>,<class 'int'>
381,ID_829,<class 'datetime.date'>,<class 'int'>
382,ID_830,<class 'datetime.date'>,<class 'int'>
383,ID_831,<class 'datetime.date'>,<class 'int'>
384,ID_832,<class 'datetime.date'>,<class 'int'>
385,ID_833,<class 'datetime.date'>,<class 'int'>
386,ID_835,<class 'datetime.date'>,<class 'int'>
387,ID_837,<class 'datetime.date'>,<class 'int'>
388,ID_839,<class 'datetime.date'>,<class 'int'>
389,ID_840,<class 'datetime.date'>,<class 'int'>
390,ID_841,<class 'datetime.date'>,<class 'int'>
391,ID_855,<class 'datetime.date'>,<class 'int'>
392,ID_856,<class 'datetime.date'>,<class 'int'>
393,ID_877,<class 'datetime.date'>,<class 'int'>
394,ID_879,<class 'datetime.date'>,<class 'int'>
395,ID_880,<class 'datetime.date'>,<class 'int'>
396,ID_881,<class 'datetime.date'>,<class 'int'>
397,ID_883,<class 'datetime.date'>,<class 'int'>
398,ID_886,<class 'datetime.date'>,<class 'int'>
399,ID_887,<class 'datetime.date'>,<class 'int'>
400,ID_889,<class 'datetime.date'>,<class 'int'>
401,ID_890,<class 'datetime.date'>,<class 'int'>
402,ID_891,<class 'datetime.date'>,<class 'int'>
403,ID_892,<class 'datetime.date'>,<class 'int'>
404,ID_893,<class 'datetime.date'>,<class 'int'>
405,ID_894,<class 'datetime.date'>,<class 'int'>
406,ID_895,<class 'datetime.date'>,<class 'int'>
407,ID_896,<class 'datetime.date'>,<class 'int'>
408,ID_897,<class 'datetime.date'>,<class 'int'>
409,ID_898,<class 'datetime.date'>,<class 'int'>
410,ID_901,<class 'datetime.date'>,<class 'int'>
411,ID_902,<class 'datetime.date'>,<class 'int'>
412,ID_903,<class 'datetime.date'>,<class 'int'>
413,ID_904,<class 'datetime.date'>,<class 'int'>
414,ID_905,<class 'datetime.date'>,<class 'int'>
415,ID_906,<class 'datetime.date'>,<class 'int'>
416,ID_907,<class 'datetime.date'>,<class 'int'>
417,ID_908,<class 'datetime.date'>,<class 'int'>
418,ID_909,<class 'datetime.date'>,<class 'int'>
419,ID_910,<class 'datetime.date'>,<class 'int'>
420,ID_911,<class 'datetime.date'>,<class 'int'>
421,ID_912,<class 'datetime.date'>,<class 'int'>
422,ID_913,<class 'datetime.date'>,<class 'int'>
423,ID_915,<class 'datetime.date'>,<class 'int'>
424,ID_916,<class 'datetime.date'>,<class 'int'>
425,ID_917,<class 'datetime.date'>,<class 'int'>
426,ID_918,<class 'datetime.date'>,<class 'int'>
427,ID_919,<class 'datetime.date'>,<class 'int'>
428,ID_923,<class 'datetime.date'>,<class 'int'>
429,ID_924,<class 'datetime.date'>,<class 'int'>
430,ID_925,<class 'datetime.date'>,<class 'int'>
431,ID_944,<class 'datetime.date'>,<class 'int'>
432,ID_945,<class 'datetime.date'>,<class 'int'>
433,ID_946,<class 'datetime.date'>,<class 'int'>
434,ID_947,<class 'datetime.date'>,<class 'int'>
435,ID_948,<class 'datetime.date'>,<class 'int'>
436,ID_949,<class 'datetime.date'>,<class 'int'>
437,ID_950,<class 'datetime.date'>,<class 'int'>
438,ID_951,<class 'datetime.date'>,<class 'int'>
439,ID_952,<class 'datetime.date'>,<class 'int'>
440,ID_971,<class 'datetime.date'>,<class 'int'>
441,ID_973,<class 'datetime.date'>,<class 'int'>
442,ID_974,<class 'datetime.date'>,<class 'int'>
443,ID_975,<class 'datetime.date'>,<class 'int'>
444,ID_977,<class 'datetime.date'>,<class 'int'>
445,ID_978,<class 'datetime.date'>,<class 'int'>
446,ID_979,<class 'datetime.date'>,<class 'int'>
447,ID_982,<class 'datetime.date'>,<class 'int'>
448,ID_985,<class 'datetime.date'>,<class 'int'>
449,ID_986,<class 'datetime.date'>,<class 'int'>
450,ID_987,<class 'datetime.date'>,<class 'int'>
451,ID_988,<class 'datetime.date'>,<class 'int'>
452,ID_990,<class 'datetime.date'>,<class 'int'>
453,ID_991,<class 'datetime.date'>,<class 'int'>
454,ID_992,<class 'datetime.date'>,<class 'int'>
455,ID_993,<class 'datetime.date'>,<class 'int'>
456,ID_994,<class 'datetime.date'>,<class 'int'>
457,ID_995,<class 'datetime.date'>,<class 'int'>
458,ID_996,<class 'datetime.date'>,<class 'int'>
459,ID_997,<class 'datetime.date'>,<class 'int'>
460,ID_998,<class 'datetime.date'>,<class 'int'>
461,ID_999,<class 'datetime.date'>,<class 'int'>
462,ID_1000,<class 'datetime.date'>,<class 'int'>
463,ID_1002,<class 'datetime.date'>,<class 'int'>
464,ID_1003,<class 'datetime.date'>,<class 'int'>
465,ID_1004,<class 'datetime.date'>,<class 'int'>
466,ID_1005,<class 'datetime.date'>,<class 'int'>
467,ID_1006,<class 'datetime.date'>,<class 'int'>
468,ID_1009,<class 'datetime.date'>,<class 'int'>
469,ID_1011,<class 'datetime.date'>,<class 'int'>
470,ID_1013,<class 'datetime.date'>,<class 'int'>
471,ID_1014,<class 'datetime.date'>,<class 'int'>
472,ID_1015,<class 'datetime.date'>,<class 'int'>
473,ID_1029,<class 'datetime.date'>,<class 'int'>
474,ID_1030,<class 'datetime.date'>,<class 'int'>
475,ID_1049,<class 'datetime.date'>,<class 'int'>
476,ID_1050,<class 'datetime.date'>,<class 'int'>
477,ID_1051,<class 'datetime.date'>,<class 'int'>
478,ID_1054,<class 'datetime.date'>,<class 'int'>
479,ID_1055,<class 'datetime.date'>,<class 'int'>
480,ID_1056,<class 'datetime.date'>,<class 'int'>
481,ID_1057,<class 'datetime.date'>,<class 'int'>
482,ID_1058,<class 'datetime.date'>,<class 'int'>
483,ID_1059,<class 'datetime.date'>,<class 'int'>
484,ID_1060,<class 'datetime.date'>,<class 'int'>
485,ID_1062,<class 'datetime.date'>,<class 'int'>
486,ID_1063,<class 'datetime.date'>,<class 'int'>
487,ID_1064,<class 'datetime.date'>,<class 'int'>
488,ID_1065,<class 'datetime.date'>,<class 'int'>
489,ID_1066,<class 'datetime.date'>,<class 'int'>
490,ID_1068,<class 'datetime.date'>,<class 'int'>
491,ID_1069,<class 'datetime.date'>,<class 'int'>
492,ID_1070,<class 'datetime.date'>,<class 'int'>
493,ID_1071,<class 'datetime.date'>,<class 'int'>
494,ID_1072,<class 'datetime.date'>,<class 'int'>
495,ID_1073,<class 'datetime.date'>,<class 'int'>
496,ID_1074,<class 'datetime.date'>,<class 'int'>
497,ID_1075,<class 'datetime.date'>,<class 'int'>
498,ID_1076,<class 'datetime.date'>,<class 'int'>
499,ID_1077,<class 'datetime.date'>,<class 'int'>
500,ID_1078,<class 'datetime.date'>,<class 'int'>
501,ID_1080,<class 'datetime.date'>,<class 'int'>
502,ID_1082,<class 'datetime.date'>,<class 'int'>
503,ID_1083,<class 'datetime.date'>,<class 'int'>
504,ID_1084,<class 'datetime.date'>,<class 'int'>
505,ID_1087,<class 'datetime.date'>,<class 'int'>
506,ID_1089,<class 'datetime.date'>,<class 'int'>
507,ID_1090,<class 'datetime.date'>,<class 'int'>
508,ID_1091,<class 'datetime.date'>,<class 'int'>
509,ID_1092,<class 'datetime.date'>,<class 'int'>
510,ID_1093,<class 'datetime.date'>,<class 'int'>
511,ID_1095,<class 'datetime.date'>,<class 'int'>
512,ID_1097,<class 'datetime.date'>,<class 'int'>
513,ID_1098,<class 'datetime.date'>,<class 'int'>
514,ID_1099,<class 'datetime.date'>,<class 'int'>
515,ID_1100,<class 'datetime.date'>,<class 'int'>
516,ID_1101,<class 'datetime.date'>,<class 'int'>
517,ID_1111,<class 'datetime.date'>,<class 'int'>
518,ID_1112,<class 'datetime.date'>,<class 'int'>
519,ID_1113,<class 'datetime.date'>,<class 'int'>
520,ID_1114,<class 'datetime.date'>,<class 'int'>
521,ID_1119,<class 'datetime.date'>,<class 'int'>
522,ID_1120,<class 'datetime.date'>,<class 'int'>
523,ID_1121,<class 'datetime.date'>,<class 'int'>
524,ID_1122,<class 'datetime.date'>,<class 'int'>
525,ID_1125,<class 'datetime.date'>,<class 'int'>
526,ID_1128,<class 'datetime.date'>,<class 'int'>
527,ID_1129,<class 'datetime.date'>,<class 'int'>
528,ID_1130,<class 'datetime.date'>,<class 'int'>
529,ID_1131,<class 'datetime.date'>,<class 'int'>
530,ID_1132,<class 'datetime.date'>,<class 'int'>
531,ID_1133,<class 'datetime.date'>,<class 'int'>
532,ID_1135,<class 'datetime.date'>,<class 'int'>
533,ID_1136,<class 'datetime.date'>,<class 'int'>
534,ID_1137,<class 'datetime.date'>,<class 'int'>
535,ID_1138,<class 'datetime.date'>,<class 'int'>
536,ID_1139,<class 'datetime.date'>,<class 'int'>
537,ID_1140,<class 'datetime.date'>,<class 'int'>
538,ID_1141,<class 'datetime.date'>,<class 'int'>
539,ID_1142,<class 'datetime.date'>,<class 'int'>
540,ID_1143,<class 'datetime.date'>,<class 'int'>
541,ID_1144,<class 'datetime.date'>,<class 'int'>
542,ID_1145,<class 'datetime.date'>,<class 'int'>
543,ID_1146,<class 'datetime.date'>,<class 'int'>
544,ID_1147,<class 'datetime.date'>,<class 'int'>
545,ID_1149,<class 'datetime.date'>,<class 'int'>
546,ID_1150,<class 'datetime.date'>,<class 'int'>
547,ID_1151,<class 'datetime.date'>,<class 'int'>
548,ID_1153,<class 'datetime.date'>,<class 'int'>
549,ID_1157,<class 'datetime.date'>,<class 'int'>
550,ID_1158,<class 'datetime.date'>,<class 'int'>
551,ID_1159,<class 'datetime.date'>,<class 'int'>
552,ID_1178,<class 'datetime.date'>,<class 'int'>
553,ID_1179,<class 'datetime.date'>,<class 'int'>
554,ID_1180,<class 'datetime.date'>,<class 'int'>
555,ID_1181,<class 'datetime.date'>,<class 'int'>
556,ID_1182,<class 'datetime.date'>,<class 'int'>
557,ID_1183,<class 'datetime.date'>,<class 'int'>
558,ID_1184,<class 'datetime.date'>,<class 'int'>
559,ID_1185,<class 'datetime.date'>,<class 'int'>
560,ID_1186,<class 'datetime.date'>,<class 'int'>
561,ID_1187,<class 'datetime.date'>,<class 'int'>
562,ID_1188,<class 'datetime.date'>,<class 'int'>
563,ID_1189,<class 'datetime.date'>,<class 'int'>
564,ID_1216,<class 'datetime.date'>,<class 'int'>
565,ID_1217,<class 'datetime.date'>,<class 'int'>
566,ID_1219,<class 'datetime.date'>,<class 'int'>
567,ID_1222,<class 'datetime.date'>,<class 'int'>
568,ID_1225,<class 'datetime.date'>,<class 'int'>
569,ID_1226,<class 'datetime.date'>,<class 'int'>
570,ID_1227,<class 'datetime.date'>,<class 'int'>
571,ID_1228,<class 'datetime.date'>,<class 'int'>
572,ID_1230,<class 'datetime.date'>,<class 'int'>
573,ID_1231,<class 'datetime.date'>,<class 'int'>
574,ID_1232,<class 'datetime.date'>,<class 'int'>
575,ID_1233,<class 'datetime.date'>,<class 'int'>
576,ID_1234,<class 'datetime.date'>,<class 'int'>
577,ID_1235,<class 'datetime.date'>,<class 'int'>
578,ID_1237,<class 'datetime.date'>,<class 'int'>
579,ID_1238,<class 'datetime.date'>,<class 'int'>
580,ID_1239,<class 'datetime.date'>,<class 'int'>
581,ID_1240,<class 'datetime.date'>,<class 'int'>
582,ID_1241,<class 'datetime.date'>,<class 'int'>
583,ID_1243,<class 'datetime.date'>,<class 'int'>
584,ID_1244,<class 'datetime.date'>,<class 'int'>
585,ID_1245,<class 'datetime.date'>,<class 'int'>
586,ID_1246,<class 'datetime.date'>,<class 'int'>
587,ID_1248,<class 'datetime.date'>,<class 'int'>
588,ID_1249,<class 'datetime.date'>,<class 'int'>
589,ID_1251,<class 'datetime.date'>,<class 'int'>
590,ID_1253,<class 'datetime.date'>,<class 'int'>
591,ID_1254,<class 'datetime.date'>,<class 'int'>
592,ID_1255,<class 'datetime.date'>,<class 'int'>
593,ID_1269,<class 'datetime.date'>,<class 'int'>
594,ID_1287,<class 'datetime.date'>,<class 'int'>
595,ID_1290,<class 'datetime.date'>,<class 'int'>
596,ID_1294,<class 'datetime.date'>,<class 'int'>
597,ID_1295,<class 'datetime.date'>,<class 'int'>
598,ID_1296,<class 'datetime.date'>,<class 'int'>
599,ID_1298,<class 'datetime.date'>,<class 'int'>
600,ID_1300,<class 'datetime.date'>,<class 'int'>
601,ID_1302,<class 'datetime.date'>,<class 'int'>
602,ID_1303,<class 'datetime.date'>,<class 'int'>
603,ID_1304,<class 'datetime.date'>,<class 'int'>
604,ID_1305,<class 'datetime.date'>,<class 'int'>
605,ID_1306,<class 'datetime.date'>,<class 'int'>
606,ID_1307,<class 'datetime.date'>,<class 'int'>
607,ID_1308,<class 'datetime.date'>,<class 'int'>
608,ID_1310,<class 'datetime.date'>,<class 'int'>
609,ID_1311,<class 'datetime.date'>,<class 'int'>
610,ID_1312,<class 'datetime.date'>,<class 'int'>
611,ID_1313,<class 'datetime.date'>,<class 'int'>
612,ID_1314,<class 'datetime.date'>,<class 'int'>
613,ID_1315,<class 'datetime.date'>,<class 'int'>
614,ID_1316,<class 'datetime.date'>,<class 'int'>
615,ID_1317,<class 'datetime.date'>,<class 'int'>
616,ID_1318,<class 'datetime.date'>,<class 'int'>
617,ID_1319,<class 'datetime.date'>,<class 'int'>
618,ID_1320,<class 'datetime.date'>,<class 'int'>
619,ID_1321,<class 'datetime.date'>,<class 'int'>
620,ID_1322,<class 'datetime.date'>,<class 'int'>
621,ID_1324,<class 'datetime.date'>,<class 'int'>
622,ID_1325,<class 'datetime.date'>,<class 'int'>
623,ID_1326,<class 'datetime.date'>,<class 'int'>
624,ID_1327,<class 'datetime.date'>,<class 'int'>
625,ID_1329,<class 'datetime.date'>,<class 'int'>
626,ID_1331,<class 'datetime.date'>,<class 'int'>
627,ID_1333,<class 'datetime.date'>,<class 'int'>
628,ID_1334,<class 'datetime.date'>,<class 'int'>
629,ID_1335,<class 'datetime.date'>,<class 'int'>
630,ID_1344,<class 'datetime.date'>,<class 'int'>
631,ID_1346,<class 'datetime.date'>,<class 'int'>
632,ID_1349,<class 'datetime.date'>,<class 'int'>
633,ID_1350,<class 'datetime.date'>,<class 'int'>
634,ID_1351,<class 'datetime.date'>,<class 'int'>
635,ID_1369,<class 'datetime.date'>,<class 'int'>
636,ID_1373,<class 'datetime.date'>,<class 'int'>
637,ID_1375,<class 'datetime.date'>,<class 'int'>
638,ID_1376,<class 'datetime.date'>,<class 'int'>
639,ID_1378,<class 'datetime.date'>,<class 'int'>
640,ID_1379,<class 'datetime.date'>,<class 'int'>
641,ID_1380,<class 'datetime.date'>,<class 'int'>
642,ID_1381,<class 'datetime.date'>,<class 'int'>
643,ID_1386,<class 'datetime.date'>,<class 'int'>
644,ID_1387,<class 'datetime.date'>,<class 'int'>
645,ID_1388,<class 'datetime.date'>,<class 'int'>
646,ID_1389,<class 'datetime.date'>,<class 'int'>
647,ID_1392,<class 'datetime.date'>,<class 'int'>
648,ID_1393,<class 'datetime.date'>,<class 'int'>
649,ID_1394,<class 'datetime.date'>,<class 'int'>
650,ID_1395,<class 'datetime.date'>,<class 'int'>
651,ID_1397,<class 'datetime.date'>,<class 'int'>
652,ID_1398,<class 'datetime.date'>,<class 'int'>
653,ID_1399,<class 'datetime.date'>,<class 'int'>
654,ID_1400,<class 'datetime.date'>,<class 'int'>
655,ID_1401,<class 'datetime.date'>,<class 'int'>
656,ID_1402,<class 'datetime.date'>,<class 'int'>
657,ID_1403,<class 'datetime.date'>,<class 'int'>
658,ID_1406,<class 'datetime.date'>,<class 'int'>
659,ID_1407,<class 'datetime.date'>,<class 'int'>
660,ID_1408,<class 'datetime.date'>,<class 'int'>
661,ID_1409,<class 'datetime.date'>,<class 'int'>
662,ID_1411,<class 'datetime.date'>,<class 'int'>
663,ID_1413,<class 'datetime.date'>,<class 'int'>
664,ID_1415,<class 'datetime.date'>,<class 'int'>
665,ID_1416,<class 'datetime.date'>,<class 'int'>
666,ID_1417,<class 'datetime.date'>,<class 'int'>
667,ID_1438,<class 'datetime.date'>,<class 'int'>
668,ID_1439,<class 'datetime.date'>,<class 'int'>
669,ID_1440,<class 'datetime.date'>,<class 'int'>
670,ID_1441,<class 'datetime.date'>,<class 'int'>
671,ID_1442,<class 'datetime.date'>,<class 'int'>
672,ID_1443,<class 'datetime.date'>,<class 'int'>
673,ID_1445,<class 'datetime.date'>,<class 'int'>
674,ID_1446,<class 'datetime.date'>,<class 'int'>
675,ID_1447,<class 'datetime.date'>,<class 'int'>
676,ID_1453,<class 'datetime.date'>,<class 'int'>
677,ID_1454,<class 'datetime.date'>,<class 'int'>
678,ID_1455,<class 'datetime.date'>,<class 'int'>
679,ID_1457,<class 'datetime.date'>,<class 'int'>
680,ID_1458,<class 'datetime.date'>,<class 'int'>
681,ID_1459,<class 'datetime.date'>,<class 'int'>
682,ID_1463,<class 'datetime.date'>,<class 'int'>
683,ID_1464,<class 'datetime.date'>,<class 'int'>
684,ID_1465,<class 'datetime.date'>,<class 'int'>
685,ID_1466,<class 'datetime.date'>,<class 'int'>
686,ID_1467,<class 'datetime.date'>,<class 'int'>
687,ID_1469,<class 'datetime.date'>,<class 'int'>
688,ID_1470,<class 'datetime.date'>,<class 'int'>
689,ID_1471,<class 'datetime.date'>,<class 'int'>
690,ID_1472,<class 'datetime.date'>,<class 'int'>
691,ID_1473,<class 'datetime.date'>,<class 'int'>
692,ID_1474,<class 'datetime.date'>,<class 'int'>
693,ID_1476,<class 'datetime.date'>,<class 'int'>
694,ID_1477,<class 'datetime.date'>,<class 'int'>
695,ID_1478,<class 'datetime.date'>,<class 'int'>
696,ID_1479,<class 'datetime.date'>,<class 'int'>
697,ID_1480,<class 'datetime.date'>,<class 'int'>
698,ID_1481,<class 'datetime.date'>,<class 'int'>
699,ID_1482,<class 'datetime.date'>,<class 'int'>
700,ID_1483,<class 'datetime.date'>,<class 'int'>
701,ID_1484,<class 'datetime.date'>,<class 'int'>
702,ID_1485,<class 'datetime.date'>,<class 'int'>
703,ID_1486,<class 'datetime.date'>,<class 'int'>
704,ID_1487,<class 'datetime.date'>,<class 'int'>
705,ID_1491,<class 'datetime.date'>,<class 'int'>
706,ID_1492,<class 'datetime.date'>,<class 'int'>
707,ID_1495,<class 'datetime.date'>,<class 'int'>
708,ID_1496,<class 'datetime.date'>,<class 'int'>
709,ID_1498,<class 'datetime.date'>,<class 'int'>
710,ID_1500,<class 'datetime.date'>,<class 'int'>
711,ID_1501,<class 'datetime.date'>,<class 'int'>
712,ID_1502,<class 'datetime.date'>,<class 'int'>
713,ID_1515,<class 'datetime.date'>,<class 'int'>
714,ID_1534,<class 'datetime.date'>,<class 'int'>
715,ID_1539,<class 'datetime.date'>,<class 'int'>
716,ID_1543,<class 'datetime.date'>,<class 'int'>
717,ID_1544,<class 'datetime.date'>,<class 'int'>
718,ID_1545,<class 'datetime.date'>,<class 'int'>
719,ID_1546,<class 'datetime.date'>,<class 'int'>
720,ID_1549,<class 'datetime.date'>,<class 'int'>
721,ID_1552,<class 'datetime.date'>,<class 'int'>
722,ID_1553,<class 'datetime.date'>,<class 'int'>
723,ID_1554,<class 'datetime.date'>,<class 'int'>
724,ID_1555,<class 'datetime.date'>,<class 'int'>
725,ID_1558,<class 'datetime.date'>,<class 'int'>
726,ID_1559,<class 'datetime.date'>,<class 'int'>
727,ID_1560,<class 'datetime.date'>,<class 'int'>
728,ID_1561,<class 'datetime.date'>,<class 'int'>
729,ID_1562,<class 'datetime.date'>,<class 'int'>
730,ID_1563,<class 'datetime.date'>,<class 'int'>
731,ID_1564,<class 'datetime.date'>,<class 'int'>
732,ID_1565,<class 'datetime.date'>,<class 'int'>
733,ID_1566,<class 'datetime.date'>,<class 'int'>
734,ID_1567,<class 'datetime.date'>,<class 'int'>
735,ID_1568,<class 'datetime.date'>,<class 'int'>
736,ID_1569,<class 'datetime.date'>,<class 'int'>
737,ID_1571,<class 'datetime.date'>,<class 'int'>
738,ID_1574,<class 'datetime.date'>,<class 'int'>
739,ID_1576,<class 'datetime.date'>,<class 'int'>
740,ID_1578,<class 'datetime.date'>,<class 'int'>
741,ID_1580,<class 'datetime.date'>,<class 'int'>
742,ID_1581,<class 'datetime.date'>,<class 'int'>
743,ID_1582,<class 'datetime.date'>,<class 'int'>
744,ID_1597,<class 'datetime.date'>,<class 'int'>
745,ID_1615,<class 'datetime.date'>,<class 'int'>
746,ID_1616,<class 'datetime.date'>,<class 'int'>
747,ID_1620,<class 'datetime.date'>,<class 'int'>
748,ID_1621,<class 'datetime.date'>,<class 'int'>
749,ID_1622,<class 'datetime.date'>,<class 'int'>
750,ID_1624,<class 'datetime.date'>,<class 'int'>
751,ID_1626,<class 'datetime.date'>,<class 'int'>
752,ID_1627,<class 'datetime.date'>,<class 'int'>
753,ID_1629,<class 'datetime.date'>,<class 'int'>
754,ID_1634,<class 'datetime.date'>,<class 'int'>
755,ID_1635,<class 'datetime.date'>,<class 'int'>
756,ID_1637,<class 'datetime.date'>,<class 'int'>
757,ID_1638,<class 'datetime.date'>,<class 'int'>
758,ID_1639,<class 'datetime.date'>,<class 'int'>
759,ID_1640,<class 'datetime.date'>,<class 'int'>
760,ID_1641,<class 'datetime.date'>,<class 'int'>
761,ID_1642,<class 'datetime.date'>,<class 'int'>
762,ID_1644,<class 'datetime.date'>,<class 'int'>
763,ID_1645,<class 'datetime.date'>,<class 'int'>
764,ID_1646,<class 'datetime.date'>,<class 'int'>
765,ID_1648,<class 'datetime.date'>,<class 'int'>
766,ID_1653,<class 'datetime.date'>,<class 'int'>
767,ID_1654,<class 'datetime.date'>,<class 'int'>
768,ID_1655,<class 'datetime.date'>,<class 'int'>
769,ID_1666,<class 'datetime.date'>,<class 'int'>
770,ID_1667,<class 'datetime.date'>,<class 'int'>
771,ID_1668,<class 'datetime.date'>,<class 'int'>
772,ID_1669,<class 'datetime.date'>,<class 'int'>
773,ID_1670,<class 'datetime.date'>,<class 'int'>
774,ID_1716,<class 'datetime.date'>,<class 'int'>
775,ID_1717,<class 'datetime.date'>,<class 'int'>
776,ID_1718,<class 'datetime.date'>,<class 'int'>
777,ID_1720,<class 'datetime.date'>,<class 'int'>
778,ID_1721,<class 'datetime.date'>,<class 'int'>
779,ID_1722,<class 'datetime.date'>,<class 'int'>
780,ID_1723,<class 'datetime.date'>,<class 'int'>
781,ID_1724,<class 'datetime.date'>,<class 'int'>
782,ID_1725,<class 'datetime.date'>,<class 'int'>
783,ID_1736,<class 'datetime.date'>,<class 'int'>
784,ID_1737,<class 'datetime.date'>,<class 'int'>
785,ID_1738,<class 'datetime.date'>,<class 'int'>
786,ID_1739,<class 'datetime.date'>,<class 'int'>
787,ID_1740,<class 'datetime.date'>,<class 'int'>
788,ID_1743,<class 'datetime.date'>,<class 'int'>
789,ID_1747,<class 'datetime.date'>,<class 'int'>
790,ID_1748,<class 'datetime.date'>,<class 'int'>
791,ID_1749,<class 'datetime.date'>,<class 'int'>
792,ID_1750,<class 'datetime.date'>,<class 'int'>
793,ID_1752,<class 'datetime.date'>,<class 'int'>
794,ID_1753,<class 'datetime.date'>,<class 'int'>
795,ID_1754,<class 'datetime.date'>,<class 'int'>
796,ID_1755,<class 'datetime.date'>,<class 'int'>
797,ID_1756,<class 'datetime.date'>,<class 'int'>
798,ID_1757,<class 'datetime.date'>,<class 'int'>
799,ID_1759,<class 'datetime.date'>,<class 'int'>
800,ID_1760,<class 'datetime.date'>,<class 'int'>
801,ID_1761,<class 'datetime.date'>,<class 'int'>
802,ID_1762,<class 'datetime.date'>,<class 'int'>
803,ID_1763,<class 'datetime.date'>,<class 'int'>
804,ID_1764,<class 'datetime.date'>,<class 'int'>
805,ID_1766,<class 'datetime.date'>,<class 'int'>
806,ID_1768,<class 'datetime.date'>,<class 'int'>
807,ID_1769,<class 'datetime.date'>,<class 'int'>
808,ID_1771,<class 'datetime.date'>,<class 'int'>
809,ID_1774,<class 'datetime.date'>,<class 'int'>
810,ID_1777,<class 'datetime.date'>,<class 'int'>
811,ID_1778,<class 'datetime.date'>,<class 'int'>
812,ID_1779,<class 'datetime.date'>,<class 'int'>
813,ID_1782,<class 'datetime.date'>,<class 'int'>
814,ID_1783,<class 'datetime.date'>,<class 'int'>
815,ID_1784,<class 'datetime.date'>,<class 'int'>
816,ID_1785,<class 'datetime.date'>,<class 'int'>
817,ID_1786,<class 'datetime.date'>,<class 'int'>
818,ID_1789,<class 'datetime.date'>,<class 'int'>
819,ID_1790,<class 'datetime.date'>,<class 'int'>
820,ID_1791,<class 'datetime.date'>,<class 'int'>
821,ID_1792,<class 'datetime.date'>,<class 'int'>
822,ID_1794,<class 'datetime.date'>,<class 'int'>
823,ID_1795,<class 'datetime.date'>,<class 'int'>
824,ID_1799,<class 'datetime.date'>,<class 'int'>
825,ID_1800,<class 'datetime.date'>,<class 'int'>
826,ID_1801,<class 'datetime.date'>,<class 'int'>
827,ID_1802,<class 'datetime.date'>,<class 'int'>
828,ID_1803,<class 'datetime.date'>,<class 'int'>
829,ID_1823,<class 'datetime.date'>,<class 'int'>
830,ID_1824,<class 'datetime.date'>,<class 'int'>
831,ID_1825,<class 'datetime.date'>,<class 'int'>
832,ID_1826,<class 'datetime.date'>,<class 'int'>
833,ID_1827,<class 'datetime.date'>,<class 'int'>
834,ID_1830,<class 'datetime.date'>,<class 'int'>
835,ID_1831,<class 'datetime.date'>,<class 'int'>
836,ID_1832,<class 'datetime.date'>,<class 'int'>
837,ID_1837,<class 'datetime.date'>,<class 'int'>
838,ID_1838,<class 'datetime.date'>,<class 'int'>
839,ID_1839,<class 'datetime.date'>,<class 'int'>
840,ID_1840,<class 'datetime.date'>,<class 'int'>
841,ID_1841,<class 'datetime.date'>,<class 'int'>
842,ID_1842,<class 'datetime.date'>,<class 'int'>
843,ID_1843,<class 'datetime.date'>,<class 'int'>
844,ID_1844,<class 'datetime.date'>,<class 'int'>
845,ID_1846,<class 'datetime.date'>,<class 'int'>
846,ID_1847,<class 'datetime.date'>,<class 'int'>
847,ID_1848,<class 'datetime.date'>,<class 'int'>
848,ID_1849,<class 'datetime.date'>,<class 'int'>
849,ID_1850,<class 'datetime.date'>,<class 'int'>
850,ID_1853,<class 'datetime.date'>,<class 'int'>
851,ID_1855,<class 'datetime.date'>,<class 'int'>
852,ID_1857,<class 'datetime.date'>,<class 'int'>
853,ID_1859,<class 'datetime.date'>,<class 'int'>
854,ID_1860,<class 'datetime.date'>,<class 'int'>
855,ID_1862,<class 'datetime.date'>,<class 'int'>
856,ID_1874,<class 'datetime.date'>,<class 'int'>
857,ID_1875,<class 'datetime.date'>,<class 'int'>
858,ID_1876,<class 'datetime.date'>,<class 'int'>
859,ID_1877,<class 'datetime.date'>,<class 'int'>
860,ID_1878,<class 'datetime.date'>,<class 'int'>
861,ID_1879,<class 'datetime.date'>,<class 'int'>
862,ID_1898,<class 'datetime.date'>,<class 'int'>
863,ID_1899,<class 'datetime.date'>,<class 'int'>
864,ID_1900,<class 'datetime.date'>,<class 'int'>
865,ID_1903,<class 'datetime.date'>,<class 'int'>
866,ID_1904,<class 'datetime.date'>,<class 'int'>
867,ID_1905,<class 'datetime.date'>,<class 'int'>
868,ID_1906,<class 'datetime.date'>,<class 'int'>
869,ID_1910,<class 'datetime.date'>,<class 'int'>
870,ID_1911,<class 'datetime.date'>,<class 'int'>
871,ID_1912,<class 'datetime.date'>,<class 'int'>
872,ID_1913,<class 'datetime.date'>,<class 'int'>
873,ID_1914,<class 'datetime.date'>,<class 'int'>
874,ID_1916,<class 'datetime.date'>,<class 'int'>
875,ID_1917,<class 'datetime.date'>,<class 'int'>
876,ID_1918,<class 'datetime.date'>,<class 'int'>
877,ID_1919,<class 'datetime.date'>,<class 'int'>
878,ID_1920,<class 'datetime.date'>,<class 'int'>
879,ID_1921,<class 'datetime.date'>,<class 'int'>
880,ID_1922,<class 'datetime.date'>,<class 'int'>
881,ID_1923,<class 'datetime.date'>,<class 'int'>
882,ID_1924,<class 'datetime.date'>,<class 'int'>
883,ID_1925,<class 'datetime.date'>,<class 'int'>
884,ID_1927,<class 'datetime.date'>,<class 'int'>
885,ID_1928,<class 'datetime.date'>,<class 'int'>
886,ID_1930,<class 'datetime.date'>,<class 'int'>
887,ID_1931,<class 'datetime.date'>,<class 'int'>
888,ID_1932,<class 'datetime.date'>,<class 'int'>
889,ID_1946,<class 'datetime.date'>,<class 'int'>
890,ID_1947,<class 'datetime.date'>,<class 'int'>
891,ID_1949,<class 'datetime.date'>,<class 'int'>
892,ID_1950,<class 'datetime.date'>,<class 'int'>
893,ID_1964,<class 'datetime.date'>,<class 'int'>
894,ID_1966,<class 'datetime.date'>,<class 'int'>
895,ID_1968,<class 'datetime.date'>,<class 'int'>
896,ID_1970,<class 'datetime.date'>,<class 'int'>
897,ID_1975,<class 'datetime.date'>,<class 'int'>
898,ID_1976,<class 'datetime.date'>,<class 'int'>
899,ID_1977,<class 'datetime.date'>,<class 'int'>
900,ID_1979,<class 'datetime.date'>,<class 'int'>
901,ID_1980,<class 'datetime.date'>,<class 'int'>
902,ID_1981,<class 'datetime.date'>,<class 'int'>
903,ID_1982,<class 'datetime.date'>,<class 'int'>
904,ID_1983,<class 'datetime.date'>,<class 'int'>
905,ID_1984,<class 'datetime.date'>,<class 'int'>
906,ID_1985,<class 'datetime.date'>,<class 'int'>
907,ID_1987,<class 'datetime.date'>,<class 'int'>
908,ID_1988,<class 'datetime.date'>,<class 'int'>
909,ID_1989,<class 'datetime.date'>,<class 'int'>
910,ID_1990,<class 'datetime.date'>,<class 'int'>
911,ID_1993,<class 'datetime.date'>,<class 'int'>
912,ID_1994,<class 'datetime.date'>,<class 'int'>
913,ID_1996,<class 'datetime.date'>,<class 'int'>
914,ID_1999,<class 'datetime.date'>,<class 'int'>
915,ID_2000,<class 'datetime.date'>,<class 'int'>
916,ID_2001,<class 'datetime.date'>,<class 'int'>
917,ID_2014,<class 'datetime.date'>,<class 'int'>
918,ID_2015,<class 'datetime.date'>,<class 'int'>
919,ID_2016,<class 'datetime.date'>,<class 'int'>
920,ID_2018,<class 'datetime.date'>,<class 'int'>
921,ID_2019,<class 'datetime.date'>,<class 'int'>
922,ID_2037,<class 'datetime.date'>,<class 'int'>
923,ID_2041,<class 'datetime.date'>,<class 'int'>
924,ID_2042,<class 'datetime.date'>,<class 'int'>
925,ID_2043,<class 'datetime.date'>,<class 'int'>
926,ID_2046,<class 'datetime.date'>,<class 'int'>
927,ID_2048,<class 'datetime.date'>,<class 'int'>
928,ID_2049,<class 'datetime.date'>,<class 'int'>
929,ID_2050,<class 'datetime.date'>,<class 'int'>
930,ID_2054,<class 'datetime.date'>,<class 'int'>
931,ID_2057,<class 'datetime.date'>,<class 'int'>
932,ID_2058,<class 'datetime.date'>,<class 'int'>
933,ID_2059,<class 'datetime.date'>,<class 'int'>
934,ID_2060,<class 'datetime.date'>,<class 'int'>
935,ID_2062,<class 'datetime.date'>,<class 'int'>
936,ID_2063,<class 'datetime.date'>,<class 'int'>
937,ID_2064,<class 'datetime.date'>,<class 'int'>
938,ID_2065,<class 'datetime.date'>,<class 'int'>
939,ID_2066,<class 'datetime.date'>,<class 'int'>
940,ID_2067,<class 'datetime.date'>,<class 'int'>
941,ID_2068,<class 'datetime.date'>,<class 'int'>
942,ID_2069,<class 'datetime.date'>,<class 'int'>
943,ID_2070,<class 'datetime.date'>,<class 'int'>
944,ID_2071,<class 'datetime.date'>,<class 'int'>
945,ID_2072,<class 'datetime.date'>,<class 'int'>
946,ID_2073,<class 'datetime.date'>,<class 'int'>
947,ID_2074,<class 'datetime.date'>,<class 'int'>
948,ID_2076,<class 'datetime.date'>,<class 'int'>
949,ID_2077,<class 'datetime.date'>,<class 'int'>
950,ID_2078,<class 'datetime.date'>,<class 'int'>
951,ID_2079,<class 'datetime.date'>,<class 'int'>
952,ID_2080,<class 'datetime.date'>,<class 'int'>
953,ID_2083,<class 'datetime.date'>,<class 'int'>
954,ID_2085,<class 'datetime.date'>,<class 'int'>
955,ID_2087,<class 'datetime.date'>,<class 'int'>
956,ID_2088,<class 'datetime.date'>,<class 'int'>
957,ID_2089,<class 'datetime.date'>,<class 'int'>
958,ID_2104,<class 'datetime.date'>,<class 'int'>
959,ID_2105,<class 'datetime.date'>,<class 'int'>
960,ID_2122,<class 'datetime.date'>,<class 'int'>
961,ID_2128,<class 'datetime.date'>,<class 'int'>
962,ID_2129,<class 'datetime.date'>,<class 'int'>
963,ID_2130,<class 'datetime.date'>,<class 'int'>
964,ID_2131,<class 'datetime.date'>,<class 'int'>
965,ID_2132,<class 'datetime.date'>,<class 'int'>
966,ID_2133,<class 'datetime.date'>,<class 'int'>
967,ID_2134,<class 'datetime.date'>,<class 'int'>
968,ID_2135,<class 'datetime.date'>,<class 'int'>
969,ID_2136,<class 'datetime.date'>,<class 'int'>
970,ID_2138,<class 'datetime.date'>,<class 'int'>
971,ID_2139,<class 'datetime.date'>,<class 'int'>
972,ID_2140,<class 'datetime.date'>,<class 'int'>
973,ID_2141,<class 'datetime.date'>,<class 'int'>
974,ID_2143,<class 'datetime.date'>,<class 'int'>
975,ID_2144,<class 'datetime.date'>,<class 'int'>
976,ID_2145,<class 'datetime.date'>,<class 'int'>
977,ID_2148,<class 'datetime.date'>,<class 'int'>
978,ID_2150,<class 'datetime.date'>,<class 'int'>
979,ID_2152,<class 'datetime.date'>,<class 'int'>
980,ID_2153,<class 'datetime.date'>,<class 'int'>
981,ID_2154,<class 'datetime.date'>,<class 'int'>
982,ID_2162,<class 'datetime.date'>,<class 'int'>
983,ID_2178,<class 'datetime.date'>,<class 'int'>
984,ID_2180,<class 'datetime.date'>,<class 'int'>
985,ID_2181,<class 'datetime.date'>,<class 'int'>
986,ID_2182,<class 'datetime.date'>,<class 'int'>
987,ID_2183,<class 'datetime.date'>,<class 'int'>
988,ID_2185,<class 'datetime.date'>,<class 'int'>
989,ID_2186,<class 'datetime.date'>,<class 'int'>
990,ID_2187,<class 'datetime.date'>,<class 'int'>
991,ID_2188,<class 'datetime.date'>,<class 'int'>
992,ID_2190,<class 'datetime.date'>,<class 'int'>
993,ID_2191,<class 'datetime.date'>,<class 'int'>
994,ID_2192,<class 'datetime.date'>,<class 'int'>
995,ID_2193,<class 'datetime.date'>,<class 'int'>
996,ID_2194,<class 'datetime.date'>,<class 'int'>
997,ID_2195,<class 'datetime.date'>,<class 'int'>
998,ID_2196,<class 'datetime.date'>,<class 'int'>
999,ID_2197,<class 'datetime.date'>,<class 'int'>
1000,ID_2198,<class 'datetime.date'>,<class 'int'>
1001,ID_2199,<class 'datetime.date'>,<class 'int'>
1002,ID_2200,<class 'datetime.date'>,<class 'int'>
1003,ID_2201,<class 'datetime.date'>,<class 'int'>
1004,ID_2202,<class 'datetime.date'>,<class 'int'>
1005,ID_2203,<class 'datetime.date'>,<class 'int'>
1006,ID_2205,<class 'datetime.date'>,<class 'int'>
1007,ID_2206,<class 'datetime.date'>,<class 'int'>
1008,ID_2207,<class 'datetime.date'>,<class 'int'>
1009,ID_2208,<class 'datetime.date'>,<class 'int'>
1010,ID_2221,<class 'datetime.date'>,<class 'int'>
1011,ID_2223,<class 'datetime.date'>,<class 'int'>
1012,ID_2224,<class 'datetime.date'>,<class 'int'>
1013,ID_2225,<class 'datetime.date'>,<class 'int'>
1014,ID_2226,<class 'datetime.date'>,<class 'int'>
1015,ID_2245,<class 'datetime.date'>,<class 'int'>
1016,ID_2248,<class 'datetime.date'>,<class 'int'>
1017,ID_2249,<class 'datetime.date'>,<class 'int'>
1018,ID_2250,<class 'datetime.date'>,<class 'int'>
1019,ID_2255,<class 'datetime.date'>,<class 'int'>
1020,ID_2256,<class 'datetime.date'>,<class 'int'>
1021,ID_2257,<class 'datetime.date'>,<class 'int'>
1022,ID_2258,<class 'datetime.date'>,<class 'int'>
1023,ID_2259,<class 'datetime.date'>,<class 'int'>
1024,ID_2262,<class 'datetime.date'>,<class 'int'>
1025,ID_2264,<class 'datetime.date'>,<class 'int'>
1026,ID_2265,<class 'datetime.date'>,<class 'int'>
1027,ID_2266,<class 'datetime.date'>,<class 'int'>
1028,ID_2267,<class 'datetime.date'>,<class 'int'>
1029,ID_2268,<class 'datetime.date'>,<class 'int'>
1030,ID_2269,<class 'datetime.date'>,<class 'int'>
1031,ID_2270,<class 'datetime.date'>,<class 'int'>
1032,ID_2271,<class 'datetime.date'>,<class 'int'>
1033,ID_2272,<class 'datetime.date'>,<class 'int'>
1034,ID_2273,<class 'datetime.date'>,<class 'int'>
1035,ID_2274,<class 'datetime.date'>,<class 'int'>
1036,ID_2276,<class 'datetime.date'>,<class 'int'>
1037,ID_2277,<class 'datetime.date'>,<class 'int'>
1038,ID_2284,<class 'datetime.date'>,<class 'int'>
1039,ID_2287,<class 'datetime.date'>,<class 'int'>
1040,ID_2288,<class 'datetime.date'>,<class 'int'>
1041,ID_2292,<class 'datetime.date'>,<class 'int'>
1042,ID_2293,<class 'datetime.date'>,<class 'int'>
1043,ID_2304,<class 'datetime.date'>,<class 'int'>
1044,ID_2305,<class 'datetime.date'>,<class 'int'>
1045,ID_2308,<class 'datetime.date'>,<class 'int'>
1046,ID_2309,<class 'datetime.date'>,<class 'int'>
1047,ID_2311,<class 'datetime.date'>,<class 'int'>
1048,ID_2312,<class 'datetime.date'>,<class 'int'>
1049,ID_2313,<class 'datetime.date'>,<class 'int'>
1050,ID_2315,<class 'datetime.date'>,<class 'int'>
1051,ID_2321,<class 'datetime.date'>,<class 'int'>
1052,ID_2322,<class 'datetime.date'>,<class 'int'>
1053,ID_2323,<class 'datetime.date'>,<class 'int'>
1054,ID_2324,<class 'datetime.date'>,<class 'int'>
1055,ID_2326,<class 'datetime.date'>,<class 'int'>
1056,ID_2327,<class 'datetime.date'>,<class 'int'>
1057,ID_2329,<class 'datetime.date'>,<class 'int'>
1058,ID_2330,<class 'datetime.date'>,<class 'int'>
1059,ID_2331,<class 'datetime.date'>,<class 'int'>
1060,ID_2332,<class 'datetime.date'>,<class 'int'>
1061,ID_2335,<class 'datetime.date'>,<class 'int'>
1062,ID_2336,<class 'datetime.date'>,<class 'int'>
1063,ID_2337,<class 'datetime.date'>,<class 'int'>
1064,ID_2339,<class 'datetime.date'>,<class 'int'>
1065,ID_2341,<class 'datetime.date'>,<class 'int'>
1066,ID_2344,<class 'datetime.date'>,<class 'int'>
1067,ID_2346,<class 'datetime.date'>,<class 'int'>
1068,ID_2348,<class 'datetime.date'>,<class 'int'>
1069,ID_2349,<class 'datetime.date'>,<class 'int'>
1070,ID_2350,<class 'datetime.date'>,<class 'int'>
1071,ID_2360,<class 'datetime.date'>,<class 'int'>
1072,ID_2362,<class 'datetime.date'>,<class 'int'>
1073,ID_2384,<class 'datetime.date'>,<class 'int'>
1074,ID_2386,<class 'datetime.date'>,<class 'int'>
1075,ID_2387,<class 'datetime.date'>,<class 'int'>
1076,ID_2389,<class 'datetime.date'>,<class 'int'>
1077,ID_2391,<class 'datetime.date'>,<class 'int'>
1078,ID_2393,<class 'datetime.date'>,<class 'int'>
1079,ID_2394,<class 'datetime.date'>,<class 'int'>
1080,ID_2395,<class 'datetime.date'>,<class 'int'>
1081,ID_2396,<class 'datetime.date'>,<class 'int'>
1082,ID_2397,<class 'datetime.date'>,<class 'int'>
1083,ID_2399,<class 'datetime.date'>,<class 'int'>
1084,ID_2400,<class 'datetime.date'>,<class 'int'>
1085,ID_2401,<class 'datetime.date'>,<class 'int'>
1086,ID_2402,<class 'datetime.date'>,<class 'int'>
1087,ID_2403,<class 'datetime.date'>,<class 'int'>
1088,ID_2404,<class 'datetime.date'>,<class 'int'>
1089,ID_2405,<class 'datetime.date'>,<class 'int'>
1090,ID_2406,<class 'datetime.date'>,<class 'int'>
1091,ID_2407,<class 'datetime.date'>,<class 'int'>
1092,ID_2408,<class 'datetime.date'>,<class 'int'>
1093,ID_2409,<class 'datetime.date'>,<class 'int'>
1094,ID_2410,<class 'datetime.date'>,<class 'int'>
1095,ID_2412,<class 'datetime.date'>,<class 'int'>
1096,ID_2414,<class 'datetime.date'>,<class 'int'>
1097,ID_2415,<class 'datetime.date'>,<class 'int'>
1098,ID_2416,<class 'datetime.date'>,<class 'int'>
1099,ID_2418,<class 'datetime.date'>,<class 'int'>
1100,ID_2421,<class 'datetime.date'>,<class 'int'>
1101,ID_2422,<class 'datetime.date'>,<class 'int'>
1102,ID_2423,<class 'datetime.date'>,<class 'int'>
1103,ID_2435,<class 'datetime.date'>,<class 'int'>
1104,ID_2436,<class 'datetime.date'>,<class 'int'>
1105,ID_2438,<class 'datetime.date'>,<class 'int'>
1106,ID_2439,<class 'datetime.date'>,<class 'int'>
1107,ID_2440,<class 'datetime.date'>,<class 'int'>
1108,ID_2441,<class 'datetime.date'>,<class 'int'>
1109,ID_2442,<class 'datetime.date'>,<class 'int'>
1110,ID_2444,<class 'datetime.date'>,<class 'int'>
1111,ID_2445,<class 'datetime.date'>,<class 'int'>
1112,ID_2448,<class 'datetime.date'>,<class 'int'>
1113,ID_2467,<class 'datetime.date'>,<class 'int'>
1114,ID_2468,<class 'datetime.date'>,<class 'int'>
1115,ID_2469,<class 'datetime.date'>,<class 'int'>
1116,ID_2470,<class 'datetime.date'>,<class 'int'>
1117,ID_2471,<class 'datetime.date'>,<class 'int'>
1118,ID_2472,<class 'datetime.date'>,<class 'int'>
1119,ID_2473,<class 'datetime.date'>,<class 'int'>
1120,ID_2474,<class 'datetime.date'>,<class 'int'>
1121,ID_2475,<class 'datetime.date'>,<class 'int'>
1122,ID_2476,<class 'datetime.date'>,<class 'int'>
1123,ID_2477,<class 'datetime.date'>,<class 'int'>
1124,ID_2478,<class 'datetime.date'>,<class 'int'>
1125,ID_2479,<class 'datetime.date'>,<class 'int'>
1126,ID_2480,<class 'datetime.date'>,<class 'int'>
1127,ID_2481,<class 'datetime.date'>,<class 'int'>
1128,ID_2482,<class 'datetime.date'>,<class 'int'>
1129,ID_2483,<class 'datetime.date'>,<class 'int'>
1130,ID_2484,<class 'datetime.date'>,<class 'int'>
1131,ID_2485,<class 'datetime.date'>,<class 'int'>
1132,ID_2486,<class 'datetime.date'>,<class 'int'>
1133,ID_2488,<class 'datetime.date'>,<class 'int'>
1134,ID_2489,<class 'datetime.date'>,<class 'int'>
1135,ID_2490,<class 'datetime.date'>,<class 'int'>
1136,ID_2492,<class 'datetime.date'>,<class 'int'>
1137,ID_2494,<class 'datetime.date'>,<class 'int'>
1138,ID_2496,<class 'datetime.date'>,<class 'int'>
1139,ID_2498,<class 'datetime.date'>,<class 'int'>
1140,ID_2500,<class 'datetime.date'>,<class 'int'>
1141,ID_2501,<class 'datetime.date'>,<class 'int'>
1142,ID_2502,<class 'datetime.date'>,<class 'int'>
1143,ID_2532,<class 'datetime.date'>,<class 'int'>
1144,ID_2533,<class 'datetime.date'>,<class 'int'>
1145,ID_2537,<class 'datetime.date'>,<class 'int'>
1146,ID_2538,<class 'datetime.date'>,<class 'int'>
1147,ID_2542,<class 'datetime.date'>,<class 'int'>
1148,ID_2543,<class 'datetime.date'>,<class 'int'>
1149,ID_2544,<class 'datetime.date'>,<class 'int'>
1150,ID_2545,<class 'datetime.date'>,<class 'int'>
1151,ID_2547,<class 'datetime.date'>,<class 'int'>
1152,ID_2548,<class 'datetime.date'>,<class 'int'>
1153,ID_2549,<class 'datetime.date'>,<class 'int'>
1154,ID_2550,<class 'datetime.date'>,<class 'int'>
1155,ID_2551,<class 'datetime.date'>,<class 'int'>
1156,ID_2552,<class 'datetime.date'>,<class 'int'>
1157,ID_2554,<class 'datetime.date'>,<class 'int'>
1158,ID_2555,<class 'datetime.date'>,<class 'int'>
1159,ID_2556,<class 'datetime.date'>,<class 'int'>
1160,ID_2557,<class 'datetime.date'>,<class 'int'>
1161,ID_2558,<class 'datetime.date'>,<class 'int'>
1162,ID_2559,<class 'datetime.date'>,<class 'int'>
1163,ID_2560,<class 'datetime.date'>,<class 'int'>
1164,ID_2561,<class 'datetime.date'>,<class 'int'>
1165,ID_2562,<class 'datetime.date'>,<class 'int'>
1166,ID_2563,<class 'datetime.date'>,<class 'int'>
1167,ID_2564,<class 'datetime.date'>,<class 'int'>
1168,ID_2565,<class 'datetime.date'>,<class 'int'>
1169,ID_2567,<class 'datetime.date'>,<class 'int'>
1170,ID_2568,<class 'datetime.date'>,<class 'int'>
1171,ID_2569,<class 'datetime.date'>,<class 'int'>
1172,ID_2570,<class 'datetime.date'>,<class 'int'>
1173,ID_2571,<class 'datetime.date'>,<class 'int'>
1174,ID_2574,<class 'datetime.date'>,<class 'int'>
1175,ID_2576,<class 'datetime.date'>,<class 'int'>
1176,ID_2578,<class 'datetime.date'>,<class 'int'>
1177,ID_2579,<class 'datetime.date'>,<class 'int'>
1178,ID_2580,<class 'datetime.date'>,<class 'int'>
1179,ID_2595,<class 'datetime.date'>,<class 'int'>
1180,ID_2596,<class 'datetime.date'>,<class 'int'>
1181,ID_2613,<class 'datetime.date'>,<class 'int'>
1182,ID_2616,<class 'datetime.date'>,<class 'int'>
1183,ID_2617,<class 'datetime.date'>,<class 'int'>
1184,ID_2618,<class 'datetime.date'>,<class 'int'>
1185,ID_2622,<class 'datetime.date'>,<class 'int'>
1186,ID_2623,<class 'datetime.date'>,<class 'int'>
1187,ID_2624,<class 'datetime.date'>,<class 'int'>
1188,ID_2625,<class 'datetime.date'>,<class 'int'>
1189,ID_2630,<class 'datetime.date'>,<class 'int'>
1190,ID_2631,<class 'datetime.date'>,<class 'int'>
1191,ID_2632,<class 'datetime.date'>,<class 'int'>
1192,ID_2635,<class 'datetime.date'>,<class 'int'>
1193,ID_2636,<class 'datetime.date'>,<class 'int'>
1194,ID_2637,<class 'datetime.date'>,<class 'int'>
1195,ID_2638,<class 'datetime.date'>,<class 'int'>
1196,ID_2639,<class 'datetime.date'>,<class 'int'>
1197,ID_2640,<class 'datetime.date'>,<class 'int'>
1198,ID_2641,<class 'datetime.date'>,<class 'int'>
1199,ID_2642,<class 'datetime.date'>,<class 'int'>
1200,ID_2643,<class 'datetime.date'>,<class 'int'>
1201,ID_2645,<class 'datetime.date'>,<class 'int'>
1202,ID_2646,<class 'datetime.date'>,<class 'int'>
1203,ID_2648,<class 'datetime.date'>,<class 'int'>
1204,ID_2650,<class 'datetime.date'>,<class 'int'>
1205,ID_2652,<class 'datetime.date'>,<class 'int'>
1206,ID_2653,<class 'datetime.date'>,<class 'int'>
1207,ID_2654,<class 'datetime.date'>,<class 'int'>
1208,ID_2671,<class 'datetime.date'>,<class 'int'>
1209,ID_2672,<class 'datetime.date'>,<class 'int'>
1210,ID_2673,<class 'datetime.date'>,<class 'int'>
1211,ID_2674,<class 'datetime.date'>,<class 'int'>
1212,ID_2696,<class 'datetime.date'>,<class 'int'>
1213,ID_2697,<class 'datetime.date'>,<class 'int'>
1214,ID_2698,<class 'datetime.date'>,<class 'int'>
1215,ID_2699,<class 'datetime.date'>,<class 'int'>
1216,ID_2702,<class 'datetime.date'>,<class 'int'>
1217,ID_2704,<class 'datetime.date'>,<class 'int'>
1218,ID_2705,<class 'datetime.date'>,<class 'int'>
1219,ID_2706,<class 'datetime.date'>,<class 'int'>
1220,ID_2707,<class 'datetime.date'>,<class 'int'>
1221,ID_2710,<class 'datetime.date'>,<class 'int'>
1222,ID_2711,<class 'datetime.date'>,<class 'int'>
1223,ID_2712,<class 'datetime.date'>,<class 'int'>
1224,ID_2713,<class 'datetime.date'>,<class 'int'>
1225,ID_2714,<class 'datetime.date'>,<class 'int'>
1226,ID_2715,<class 'datetime.date'>,<class 'int'>
1227,ID_2717,<class 'datetime.date'>,<class 'int'>
1228,ID_2718,<class 'datetime.date'>,<class 'int'>
1229,ID_2719,<class 'datetime.date'>,<class 'int'>
1230,ID_2720,<class 'datetime.date'>,<class 'int'>
1231,ID_2722,<class 'datetime.date'>,<class 'int'>
1232,ID_2723,<class 'datetime.date'>,<class 'int'>
1233,ID_2724,<class 'datetime.date'>,<class 'int'>
1234,ID_2725,<class 'datetime.date'>,<class 'int'>
1235,ID_2726,<class 'datetime.date'>,<class 'int'>
1236,ID_2728,<class 'datetime.date'>,<class 'int'>
1237,ID_2730,<class 'datetime.date'>,<class 'int'>
1238,ID_2732,<class 'datetime.date'>,<class 'int'>
1239,ID_2734,<class 'datetime.date'>,<class 'int'>
1240,ID_2735,<class 'datetime.date'>,<class 'int'>
1241,ID_2736,<class 'datetime.date'>,<class 'int'>
1242,ID_2739,<class 'datetime.date'>,<class 'int'>
1243,ID_2740,<class 'datetime.date'>,<class 'int'>
1244,ID_2742,<class 'datetime.date'>,<class 'int'>
1245,ID_2743,<class 'datetime.date'>,<class 'int'>
1246,ID_2744,<class 'datetime.date'>,<class 'int'>
1247,ID_2745,<class 'datetime.date'>,<class 'int'>
1248,ID_2746,<class 'datetime.date'>,<class 'int'>
1249,ID_2747,<class 'datetime.date'>,<class 'int'>
1250,ID_2748,<class 'datetime.date'>,<class 'int'>
1251,ID_2768,<class 'datetime.date'>,<class 'int'>
1252,ID_2770,<class 'datetime.date'>,<class 'int'>
1253,ID_2771,<class 'datetime.date'>,<class 'int'>
1254,ID_2772,<class 'datetime.date'>,<class 'int'>
1255,ID_2773,<class 'datetime.date'>,<class 'int'>
1256,ID_2776,<class 'datetime.date'>,<class 'int'>
1257,ID_2777,<class 'datetime.date'>,<class 'int'>
1258,ID_2778,<class 'datetime.date'>,<class 'int'>
1259,ID_2779,<class 'datetime.date'>,<class 'int'>
1260,ID_2782,<class 'datetime.date'>,<class 'int'>
1261,ID_2784,<class 'datetime.date'>,<class 'int'>
1262,ID_2785,<class 'datetime.date'>,<class 'int'>
1263,ID_2786,<class 'datetime.date'>,<class 'int'>
1264,ID_2787,<class 'datetime.date'>,<class 'int'>
1265,ID_2788,<class 'datetime.date'>,<class 'int'>
1266,ID_2789,<class 'datetime.date'>,<class 'int'>
1267,ID_2791,<class 'datetime.date'>,<class 'int'>
1268,ID_2792,<class 'datetime.date'>,<class 'int'>
1269,ID_2793,<class 'datetime.date'>,<class 'int'>
1270,ID_2794,<class 'datetime.date'>,<class 'int'>
1271,ID_2795,<class 'datetime.date'>,<class 'int'>
1272,ID_2796,<class 'datetime.date'>,<class 'int'>
1273,ID_2797,<class 'datetime.date'>,<class 'int'>
1274,ID_2798,<class 'datetime.date'>,<class 'int'>
1275,ID_2800,<class 'datetime.date'>,<class 'int'>
1276,ID_2801,<class 'datetime.date'>,<class 'int'>
1277,ID_2804,<class 'datetime.date'>,<class 'int'>
1278,ID_2805,<class 'datetime.date'>,<class 'int'>
1279,ID_2806,<class 'datetime.date'>,<class 'int'>
1280,ID_2811,<class 'datetime.date'>,<class 'int'>
1281,ID_2812,<class 'datetime.date'>,<class 'int'>
1282,ID_2813,<class 'datetime.date'>,<class 'int'>
1283,ID_2825,<class 'datetime.date'>,<class 'int'>
1284,ID_2826,<class 'datetime.date'>,<class 'int'>
1285,ID_2845,<class 'datetime.date'>,<class 'int'>
1286,ID_2846,<class 'datetime.date'>,<class 'int'>
1287,ID_2848,<class 'datetime.date'>,<class 'int'>
1288,ID_2849,<class 'datetime.date'>,<class 'int'>
1289,ID_2850,<class 'datetime.date'>,<class 'int'>
1290,ID_2854,<class 'datetime.date'>,<class 'int'>
1291,ID_2855,<class 'datetime.date'>,<class 'int'>
1292,ID_2856,<class 'datetime.date'>,<class 'int'>
1293,ID_2857,<class 'datetime.date'>,<class 'int'>
1294,ID_2858,<class 'datetime.date'>,<class 'int'>
1295,ID_2863,<class 'datetime.date'>,<class 'int'>
1296,ID_2864,<class 'datetime.date'>,<class 'int'>
1297,ID_2865,<class 'datetime.date'>,<class 'int'>
1298,ID_2867,<class 'datetime.date'>,<class 'int'>
1299,ID_2868,<class 'datetime.date'>,<class 'int'>
1300,ID_2869,<class 'datetime.date'>,<class 'int'>
1301,ID_2870,<class 'datetime.date'>,<class 'int'>
1302,ID_2872,<class 'datetime.date'>,<class 'int'>
1303,ID_2873,<class 'datetime.date'>,<class 'int'>
1304,ID_2874,<class 'datetime.date'>,<class 'int'>
1305,ID_2875,<class 'datetime.date'>,<class 'int'>
1306,ID_2876,<class 'datetime.date'>,<class 'int'>
1307,ID_2878,<class 'datetime.date'>,<class 'int'>
1308,ID_2879,<class 'datetime.date'>,<class 'int'>
1309,ID_2881,<class 'datetime.date'>,<class 'int'>
1310,ID_2883,<class 'datetime.date'>,<class 'int'>
1311,ID_2885,<class 'datetime.date'>,<class 'int'>
1312,ID_2886,<class 'datetime.date'>,<class 'int'>
1313,ID_2887,<class 'datetime.date'>,<class 'int'>
1314,ID_2893,<class 'datetime.date'>,<class 'int'>
1315,ID_2901,<class 'datetime.date'>,<class 'int'>
1316,ID_2902,<class 'datetime.date'>,<class 'int'>
1317,ID_2903,<class 'datetime.date'>,<class 'int'>
1318,ID_2904,<class 'datetime.date'>,<class 'int'>
1319,ID_2918,<class 'datetime.date'>,<class 'int'>
1320,ID_2919,<class 'datetime.date'>,<class 'int'>
1321,ID_2920,<class 'datetime.date'>,<class 'int'>
1322,ID_2922,<class 'datetime.date'>,<class 'int'>
1323,ID_2923,<class 'datetime.date'>,<class 'int'>
1324,ID_2924,<class 'datetime.date'>,<class 'int'>
1325,ID_2928,<class 'datetime.date'>,<class 'int'>
1326,ID_2929,<class 'datetime.date'>,<class 'int'>
1327,ID_2930,<class 'datetime.date'>,<class 'int'>
1328,ID_2931,<class 'datetime.date'>,<class 'int'>
1329,ID_2935,<class 'datetime.date'>,<class 'int'>
1330,ID_2936,<class 'datetime.date'>,<class 'int'>
1331,ID_2937,<class 'datetime.date'>,<class 'int'>
1332,ID_2938,<class 'datetime.date'>,<class 'int'>
1333,ID_2939,<class 'datetime.date'>,<class 'int'>
1334,ID_2941,<class 'datetime.date'>,<class 'int'>
1335,ID_2942,<class 'datetime.date'>,<class 'int'>
1336,ID_2943,<class 'datetime.date'>,<class 'int'>
1337,ID_2944,<class 'datetime.date'>,<class 'int'>
1338,ID_2945,<class 'datetime.date'>,<class 'int'>
1339,ID_2946,<class 'datetime.date'>,<class 'int'>
1340,ID_2947,<class 'datetime.date'>,<class 'int'>
1341,ID_2948,<class 'datetime.date'>,<class 'int'>
1342,ID_2949,<class 'datetime.date'>,<class 'int'>
1343,ID_2950,<class 'datetime.date'>,<class 'int'>
1344,ID_2951,<class 'datetime.date'>,<class 'int'>
1345,ID_2954,<class 'datetime.date'>,<class 'int'>
1346,ID_2955,<class 'datetime.date'>,<class 'int'>
1347,ID_2959,<class 'datetime.date'>,<class 'int'>
1348,ID_2960,<class 'datetime.date'>,<class 'int'>
1349,ID_2961,<class 'datetime.date'>,<class 'int'>
1350,ID_2978,<class 'datetime.date'>,<class 'int'>
1351,ID_2979,<class 'datetime.date'>,<class 'int'>
1352,ID_2980,<class 'datetime.date'>,<class 'int'>
1353,ID_2981,<class 'datetime.date'>,<class 'int'>
1354,ID_2999,<class 'datetime.date'>,<class 'int'>
1355,ID_3000,<class 'datetime.date'>,<class 'int'>
1356,ID_3005,<class 'datetime.date'>,<class 'int'>
1357,ID_3009,<class 'datetime.date'>,<class 'int'>
1358,ID_3010,<class 'datetime.date'>,<class 'int'>
1359,ID_3011,<class 'datetime.date'>,<class 'int'>
1360,ID_3014,<class 'datetime.date'>,<class 'int'>
1361,ID_3017,<class 'datetime.date'>,<class 'int'>
1362,ID_3018,<class 'datetime.date'>,<class 'int'>
1363,ID_3019,<class 'datetime.date'>,<class 'int'>
1364,ID_3022,<class 'datetime.date'>,<class 'int'>
1365,ID_3023,<class 'datetime.date'>,<class 'int'>
1366,ID_3024,<class 'datetime.date'>,<class 'int'>
1367,ID_3025,<class 'datetime.date'>,<class 'int'>
1368,ID_3026,<class 'datetime.date'>,<class 'int'>
1369,ID_3027,<class 'datetime.date'>,<class 'int'>
1370,ID_3028,<class 'datetime.date'>,<class 'int'>
1371,ID_3029,<class 'datetime.date'>,<class 'int'>
1372,ID_3030,<class 'datetime.date'>,<class 'int'>
1373,ID_3031,<class 'datetime.date'>,<class 'int'>
1374,ID_3032,<class 'datetime.date'>,<class 'int'>
1375,ID_3033,<class 'datetime.date'>,<class 'int'>
1376,ID_3036,<class 'datetime.date'>,<class 'int'>
1377,ID_3037,<class 'datetime.date'>,<class 'int'>
1378,ID_3038,<class 'datetime.date'>,<class 'int'>
1379,ID_3039,<class 'datetime.date'>,<class 'int'>
1380,ID_3043,<class 'datetime.date'>,<class 'int'>
1381,ID_3044,<class 'datetime.date'>,<class 'int'>
1382,ID_3045,<class 'datetime.date'>,<class 'int'>
1383,ID_3060,<class 'datetime.date'>,<class 'int'>
1384,ID_3062,<class 'datetime.date'>,<class 'int'>
1385,ID_3063,<class 'datetime.date'>,<class 'int'>
1386,ID_3064,<class 'datetime.date'>,<class 'int'>
1387,ID_3085,<class 'datetime.date'>,<class 'int'>
1388,ID_3087,<class 'datetime.date'>,<class 'int'>
1389,ID_3088,<class 'datetime.date'>,<class 'int'>
1390,ID_3090,<class 'datetime.date'>,<class 'int'>
1391,ID_3092,<class 'datetime.date'>,<class 'int'>
1392,ID_3093,<class 'datetime.date'>,<class 'int'>
1393,ID_3094,<class 'datetime.date'>,<class 'int'>
1394,ID_3098,<class 'datetime.date'>,<class 'int'>
1395,ID_3099,<class 'datetime.date'>,<class 'int'>
1396,ID_3100,<class 'datetime.date'>,<class 'int'>
1397,ID_3101,<class 'datetime.date'>,<class 'int'>
1398,ID_3102,<class 'datetime.date'>,<class 'int'>
1399,ID_3104,<class 'datetime.date'>,<class 'int'>
1400,ID_3105,<class 'datetime.date'>,<class 'int'>
1401,ID_3106,<class 'datetime.date'>,<class 'int'>
1402,ID_3107,<class 'datetime.date'>,<class 'int'>
1403,ID_3108,<class 'datetime.date'>,<class 'int'>
1404,ID_3109,<class 'datetime.date'>,<class 'int'>
1405,ID_3110,<class 'datetime.date'>,<class 'int'>
1406,ID_3111,<class 'datetime.date'>,<class 'int'>
1407,ID_3112,<class 'datetime.date'>,<class 'int'>
1408,ID_3113,<class 'datetime.date'>,<class 'int'>
1409,ID_3114,<class 'datetime.date'>,<class 'int'>
1410,ID_3115,<class 'datetime.date'>,<class 'int'>
1411,ID_3117,<class 'datetime.date'>,<class 'int'>
1412,ID_3118,<class 'datetime.date'>,<class 'int'>
1413,ID_3119,<class 'datetime.date'>,<class 'int'>
1414,ID_3120,<class 'datetime.date'>,<class 'int'>
1415,ID_3121,<class 'datetime.date'>,<class 'int'>
1416,ID_3122,<class 'datetime.date'>,<class 'int'>
1417,ID_3123,<class 'datetime.date'>,<class 'int'>
1418,ID_3126,<class 'datetime.date'>,<class 'int'>
1419,ID_3128,<class 'datetime.date'>,<class 'int'>
1420,ID_3129,<class 'datetime.date'>,<class 'int'>
1421,ID_3130,<class 'datetime.date'>,<class 'int'>
1422,ID_3131,<class 'datetime.date'>,<class 'int'>
1423,ID_3132,<class 'datetime.date'>,<class 'int'>
1424,ID_3136,<class 'datetime.date'>,<class 'int'>
1425,ID_3139,<class 'datetime.date'>,<class 'int'>
1426,ID_3140,<class 'datetime.date'>,<class 'int'>
1427,ID_3141,<class 'datetime.date'>,<class 'int'>
1428,ID_3161,<class 'datetime.date'>,<class 'int'>
1429,ID_3163,<class 'datetime.date'>,<class 'int'>
1430,ID_3164,<class 'datetime.date'>,<class 'int'>
1431,ID_3166,<class 'datetime.date'>,<class 'int'>
1432,ID_3167,<class 'datetime.date'>,<class 'int'>
1433,ID_3168,<class 'datetime.date'>,<class 'int'>
1434,ID_3169,<class 'datetime.date'>,<class 'int'>
1435,ID_3170,<class 'datetime.date'>,<class 'int'>
1436,ID_3172,<class 'datetime.date'>,<class 'int'>
1437,ID_3173,<class 'datetime.date'>,<class 'int'>
1438,ID_3174,<class 'datetime.date'>,<class 'int'>
1439,ID_3175,<class 'datetime.date'>,<class 'int'>
1440,ID_3176,<class 'datetime.date'>,<class 'int'>
1441,ID_3181,<class 'datetime.date'>,<class 'int'>
1442,ID_3182,<class 'datetime.date'>,<class 'int'>
1443,ID_3183,<class 'datetime.date'>,<class 'int'>
1444,ID_3184,<class 'datetime.date'>,<class 'int'>
1445,ID_3187,<class 'datetime.date'>,<class 'int'>
1446,ID_3188,<class 'datetime.date'>,<class 'int'>
1447,ID_3189,<class 'datetime.date'>,<class 'int'>
1448,ID_3190,<class 'datetime.date'>,<class 'int'>
1449,ID_3191,<class 'datetime.date'>,<class 'int'>
1450,ID_3192,<class 'datetime.date'>,<class 'int'>
1451,ID_3193,<class 'datetime.date'>,<class 'int'>
1452,ID_3194,<class 'datetime.date'>,<class 'int'>
1453,ID_3196,<class 'datetime.date'>,<class 'int'>
1454,ID_3201,<class 'datetime.date'>,<class 'int'>
1455,ID_3202,<class 'datetime.date'>,<class 'int'>
1456,ID_3204,<class 'datetime.date'>,<class 'int'>
1457,ID_3207,<class 'datetime.date'>,<class 'int'>
1458,ID_3211,<class 'datetime.date'>,<class 'int'>
1459,ID_3212,<class 'datetime.date'>,<class 'int'>
1460,ID_3214,<class 'datetime.date'>,<class 'int'>
1461,ID_3215,<class 'datetime.date'>,<class 'int'>
1462,ID_3218,<class 'datetime.date'>,<class 'int'>
1463,ID_3221,<class 'datetime.date'>,<class 'int'>
